{
    "MAE": 174.23492033502458,
    "MSE": 48732.27554037645,
    "RMSE": 220.75388001205428,
    "R2": 0.9595163674213965
}